-- MySQL Script generated by MySQL Workbench
-- Thu 10 Dec 2015 08:02:09 PM AST
-- Model: New Model    Version: 1.0
-- MySQL Workbench Forward Engineering

SET @OLD_UNIQUE_CHECKS=@@UNIQUE_CHECKS, UNIQUE_CHECKS=0;
SET @OLD_FOREIGN_KEY_CHECKS=@@FOREIGN_KEY_CHECKS, FOREIGN_KEY_CHECKS=0;
SET @OLD_SQL_MODE=@@SQL_MODE, SQL_MODE='TRADITIONAL,ALLOW_INVALID_DATES';

-- -----------------------------------------------------
-- Schema ad_a9e53e0371a808b
-- -----------------------------------------------------

-- -----------------------------------------------------
-- Schema ad_a9e53e0371a808b
-- -----------------------------------------------------
USE `ad_a9e53e0371a808b` ;

-- -----------------------------------------------------
-- Table `ad_a9e53e0371a808b`.`Form`
-- -----------------------------------------------------
DROP TABLE IF EXISTS `ad_a9e53e0371a808b`.`Form` ;

CREATE TABLE IF NOT EXISTS `ad_a9e53e0371a808b`.`Form` (
  `id` INT NULL AUTO_INCREMENT,
  `name` VARCHAR(45) NOT NULL,
  PRIMARY KEY (`id`),
  UNIQUE INDEX `name_UNIQUE` (`name` ASC))
ENGINE = InnoDB;


-- -----------------------------------------------------
-- Table `ad_a9e53e0371a808b`.`Client`
-- -----------------------------------------------------
DROP TABLE IF EXISTS `ad_a9e53e0371a808b`.`Client` ;

CREATE TABLE IF NOT EXISTS `ad_a9e53e0371a808b`.`Client` (
  `id` INT NOT NULL AUTO_INCREMENT,
  `name` VARCHAR(45) NOT NULL,
  PRIMARY KEY (`id`))
ENGINE = InnoDB;


-- -----------------------------------------------------
-- Table `ad_a9e53e0371a808b`.`Category`
-- -----------------------------------------------------
DROP TABLE IF EXISTS `ad_a9e53e0371a808b`.`Category` ;

CREATE TABLE IF NOT EXISTS `ad_a9e53e0371a808b`.`Category` (
  `id` INT NOT NULL AUTO_INCREMENT,
  `name` VARCHAR(45) NOT NULL,
  PRIMARY KEY (`id`))
ENGINE = InnoDB;


-- -----------------------------------------------------
-- Table `ad_a9e53e0371a808b`.`group`
-- -----------------------------------------------------
DROP TABLE IF EXISTS `ad_a9e53e0371a808b`.`group` ;

CREATE TABLE IF NOT EXISTS `ad_a9e53e0371a808b`.`group` (
  `id` INT NOT NULL AUTO_INCREMENT,
  `name` VARCHAR(45) NULL,
  PRIMARY KEY (`id`))
ENGINE = InnoDB;


-- -----------------------------------------------------
-- Table `ad_a9e53e0371a808b`.`Question`
-- -----------------------------------------------------
DROP TABLE IF EXISTS `ad_a9e53e0371a808b`.`Question` ;

CREATE TABLE IF NOT EXISTS `ad_a9e53e0371a808b`.`Question` (
  `id` INT NOT NULL AUTO_INCREMENT,
  `text` VARCHAR(200) NULL,
  `category_id` INT NOT NULL,
  `form_id` INT NOT NULL,
  `group_id` INT NULL,
  PRIMARY KEY (`id`, `category_id`),
  INDEX `fk_Question_Category_idx` (`category_id` ASC),
  INDEX `fk_Question_Form1_idx` (`form_id` ASC),
  INDEX `fk_Question_Grouping1_idx` (`group_id` ASC),
  CONSTRAINT `fk_Question_Category`
    FOREIGN KEY (`category_id`)
    REFERENCES `ad_a9e53e0371a808b`.`Category` (`id`)
    ON DELETE NO ACTION
    ON UPDATE NO ACTION,
  CONSTRAINT `fk_Question_Form1`
    FOREIGN KEY (`form_id`)
    REFERENCES `ad_a9e53e0371a808b`.`Form` (`id`)
    ON DELETE NO ACTION
    ON UPDATE NO ACTION,
  CONSTRAINT `fk_Question_Grouping1`
    FOREIGN KEY (`group_id`)
    REFERENCES `ad_a9e53e0371a808b`.`group` (`id`)
    ON DELETE NO ACTION
    ON UPDATE NO ACTION)
ENGINE = InnoDB;


-- -----------------------------------------------------
-- Table `ad_a9e53e0371a808b`.`Response`
-- -----------------------------------------------------
DROP TABLE IF EXISTS `ad_a9e53e0371a808b`.`Response` ;

CREATE TABLE IF NOT EXISTS `ad_a9e53e0371a808b`.`Response` (
  `id` INT NOT NULL AUTO_INCREMENT,
  `response` VARCHAR(45) NULL,
  `value` INT NULL,
  `category_id` INT NOT NULL,
  PRIMARY KEY (`id`),
  INDEX `fk_Response_Category1_idx` (`category_id` ASC),
  CONSTRAINT `fk_Response_Category1`
    FOREIGN KEY (`category_id`)
    REFERENCES `ad_a9e53e0371a808b`.`Category` (`id`)
    ON DELETE NO ACTION
    ON UPDATE NO ACTION)
ENGINE = InnoDB;


-- -----------------------------------------------------
-- Table `ad_a9e53e0371a808b`.`ClientQuestionResponse`
-- -----------------------------------------------------
DROP TABLE IF EXISTS `ad_a9e53e0371a808b`.`ClientQuestionResponse` ;

CREATE TABLE IF NOT EXISTS `ad_a9e53e0371a808b`.`ClientQuestionResponse` (
  `id` INT NOT NULL AUTO_INCREMENT,
  `response_id` INT NOT NULL DEFAULT 1,
  `question_id` INT NOT NULL,
  `client_id` INT NOT NULL,
  `weight` INT NOT NULL DEFAULT 0,
  PRIMARY KEY (`id`),
  INDEX `fk_ClientQuestionResponse_Response1_idx` (`response_id` ASC),
  INDEX `fk_ClientQuestionResponse_Question1_idx` (`question_id` ASC),
  INDEX `fk_ClientQuestionResponse_Client1_idx` (`client_id` ASC),
  CONSTRAINT `fk_ClientQuestionResponse_Response1`
    FOREIGN KEY (`response_id`)
    REFERENCES `ad_a9e53e0371a808b`.`Response` (`id`)
    ON DELETE NO ACTION
    ON UPDATE NO ACTION,
  CONSTRAINT `fk_ClientQuestionResponse_Question1`
    FOREIGN KEY (`question_id`)
    REFERENCES `ad_a9e53e0371a808b`.`Question` (`id`)
    ON DELETE NO ACTION
    ON UPDATE NO ACTION,
  CONSTRAINT `fk_ClientQuestionResponse_Client1`
    FOREIGN KEY (`client_id`)
    REFERENCES `ad_a9e53e0371a808b`.`Client` (`id`)
    ON DELETE NO ACTION
    ON UPDATE NO ACTION)
ENGINE = InnoDB;


SET SQL_MODE=@OLD_SQL_MODE;
SET FOREIGN_KEY_CHECKS=@OLD_FOREIGN_KEY_CHECKS;
SET UNIQUE_CHECKS=@OLD_UNIQUE_CHECKS;

-- -----------------------------------------------------
-- Data for table `ad_a9e53e0371a808b`.`Form`
-- -----------------------------------------------------
START TRANSACTION;
USE `ad_a9e53e0371a808b`;
INSERT INTO `ad_a9e53e0371a808b`.`Form` (`id`, `name`) VALUES (1, 'Business');

COMMIT;


-- -----------------------------------------------------
-- Data for table `ad_a9e53e0371a808b`.`Client`
-- -----------------------------------------------------
START TRANSACTION;
USE `ad_a9e53e0371a808b`;
INSERT INTO `ad_a9e53e0371a808b`.`Client` (`id`, `name`) VALUES (1, 'Sample Client');

COMMIT;


-- -----------------------------------------------------
-- Data for table `ad_a9e53e0371a808b`.`Category`
-- -----------------------------------------------------
START TRANSACTION;
USE `ad_a9e53e0371a808b`;
INSERT INTO `ad_a9e53e0371a808b`.`Category` (`id`, `name`) VALUES (1, 'QA');
INSERT INTO `ad_a9e53e0371a808b`.`Category` (`id`, `name`) VALUES (2, 'SA');

COMMIT;


-- -----------------------------------------------------
-- Data for table `ad_a9e53e0371a808b`.`Question`
-- -----------------------------------------------------
START TRANSACTION;
USE `ad_a9e53e0371a808b`;
INSERT INTO `ad_a9e53e0371a808b`.`Question` (`id`, `text`, `category_id`, `form_id`, `group_id`) VALUES (1, 'Capture Business and Technical API measurements or metrics', 1, 1, NULL);
INSERT INTO `ad_a9e53e0371a808b`.`Question` (`id`, `text`, `category_id`, `form_id`, `group_id`) VALUES (2, 'Do you have Categories of Business and Technical API measurements or metrics', 1, 1, NULL);
INSERT INTO `ad_a9e53e0371a808b`.`Question` (`id`, `text`, `category_id`, `form_id`, `group_id`) VALUES (3, 'Capture KPIs that determine the business value of applications', 1, 1, NULL);
INSERT INTO `ad_a9e53e0371a808b`.`Question` (`id`, `text`, `category_id`, `form_id`, `group_id`) VALUES (4, 'Technology Investment in place for the development of APIs', 1, 1, NULL);
INSERT INTO `ad_a9e53e0371a808b`.`Question` (`id`, `text`, `category_id`, `form_id`, `group_id`) VALUES (5, 'Well defined teams for developing new applications', 1, 1, NULL);
INSERT INTO `ad_a9e53e0371a808b`.`Question` (`id`, `text`, `category_id`, `form_id`, `group_id`) VALUES (6, 'A prioritized list of future APIs has been budgeted', 1, 1, NULL);
INSERT INTO `ad_a9e53e0371a808b`.`Question` (`id`, `text`, `category_id`, `form_id`, `group_id`) VALUES (7, 'Clear owner of the Service API model/Service API catalog', 1, 1, NULL);
INSERT INTO `ad_a9e53e0371a808b`.`Question` (`id`, `text`, `category_id`, `form_id`, `group_id`) VALUES (8, 'Governance in place to monitor, manage, update, create enhanced capabilities of APIs', 1, 1, NULL);
INSERT INTO `ad_a9e53e0371a808b`.`Question` (`id`, `text`, `category_id`, `form_id`, `group_id`) VALUES (9, 'Defined group for the responsibility of managing API dependencies (internal and external)', 1, 1, NULL);
INSERT INTO `ad_a9e53e0371a808b`.`Question` (`id`, `text`, `category_id`, `form_id`, `group_id`) VALUES (10, 'New API functionality capabilities for the business with delivery roadmap', 1, 1, NULL);
INSERT INTO `ad_a9e53e0371a808b`.`Question` (`id`, `text`, `category_id`, `form_id`, `group_id`) VALUES (11, 'Legal issues are addressed with the API services (existing or new development)', 1, 1, NULL);
INSERT INTO `ad_a9e53e0371a808b`.`Question` (`id`, `text`, `category_id`, `form_id`, `group_id`) VALUES (12, 'New business API capabilities are planned for Mobile, Cloud, Analytics, and IOT', 1, 1, NULL);
INSERT INTO `ad_a9e53e0371a808b`.`Question` (`id`, `text`, `category_id`, `form_id`, `group_id`) VALUES (13, 'API capabilities are devliered to the Associate/Manager within a business store or branch location', 1, 1, NULL);
INSERT INTO `ad_a9e53e0371a808b`.`Question` (`id`, `text`, `category_id`, `form_id`, `group_id`) VALUES (14, 'API location dependencies and geofencing policies are in place', 1, 1, NULL);
INSERT INTO `ad_a9e53e0371a808b`.`Question` (`id`, `text`, `category_id`, `form_id`, `group_id`) VALUES (15, 'API are used to capture and deliver analytics to the managers or business associates', 1, 1, NULL);
INSERT INTO `ad_a9e53e0371a808b`.`Question` (`id`, `text`, `category_id`, `form_id`, `group_id`) VALUES (16, 'Business APIs are viewed by Executive Management as a way to grow the business (customer advocacy, improved effeciency, or new revenue', 1, 1, NULL);
INSERT INTO `ad_a9e53e0371a808b`.`Question` (`id`, `text`, `category_id`, `form_id`, `group_id`) VALUES (17, 'Ad hoc', 2, 1, NULL);
INSERT INTO `ad_a9e53e0371a808b`.`Question` (`id`, `text`, `category_id`, `form_id`, `group_id`) VALUES (18, 'Provider', 2, 1, NULL);
INSERT INTO `ad_a9e53e0371a808b`.`Question` (`id`, `text`, `category_id`, `form_id`, `group_id`) VALUES (19, 'Consumer', 2, 1, NULL);
INSERT INTO `ad_a9e53e0371a808b`.`Question` (`id`, `text`, `category_id`, `form_id`, `group_id`) VALUES (20, 'Business', 2, 1, NULL);
INSERT INTO `ad_a9e53e0371a808b`.`Question` (`id`, `text`, `category_id`, `form_id`, `group_id`) VALUES (21, 'Market', 2, 1, NULL);

COMMIT;


-- -----------------------------------------------------
-- Data for table `ad_a9e53e0371a808b`.`Response`
-- -----------------------------------------------------
START TRANSACTION;
USE `ad_a9e53e0371a808b`;
INSERT INTO `ad_a9e53e0371a808b`.`Response` (`id`, `response`, `value`, `category_id`) VALUES (1, 'Don\'t do it.', 0, 1);
INSERT INTO `ad_a9e53e0371a808b`.`Response` (`id`, `response`, `value`, `category_id`) VALUES (2, 'Planned', 1, 1);
INSERT INTO `ad_a9e53e0371a808b`.`Response` (`id`, `response`, `value`, `category_id`) VALUES (3, 'In Progress', 2, 1);
INSERT INTO `ad_a9e53e0371a808b`.`Response` (`id`, `response`, `value`, `category_id`) VALUES (4, 'Partially Implemented', 3, 1);
INSERT INTO `ad_a9e53e0371a808b`.`Response` (`id`, `response`, `value`, `category_id`) VALUES (5, 'Mature', 4, 1);
INSERT INTO `ad_a9e53e0371a808b`.`Response` (`id`, `response`, `value`, `category_id`) VALUES (6, 'Mature', 2, 2);
INSERT INTO `ad_a9e53e0371a808b`.`Response` (`id`, `response`, `value`, `category_id`) VALUES (7, 'Progressing', 1, 2);
INSERT INTO `ad_a9e53e0371a808b`.`Response` (`id`, `response`, `value`, `category_id`) VALUES (8, 'Novice', 0, 2);

COMMIT;


-- -----------------------------------------------------
-- Data for table `ad_a9e53e0371a808b`.`ClientQuestionResponse`
-- -----------------------------------------------------
START TRANSACTION;
USE `ad_a9e53e0371a808b`;
INSERT INTO `ad_a9e53e0371a808b`.`ClientQuestionResponse` (`id`, `response_id`, `question_id`, `client_id`, `weight`) VALUES (1, 1, 1, 1, 0);
INSERT INTO `ad_a9e53e0371a808b`.`ClientQuestionResponse` (`id`, `response_id`, `question_id`, `client_id`, `weight`) VALUES (2, 1, 2, 1, 0);
INSERT INTO `ad_a9e53e0371a808b`.`ClientQuestionResponse` (`id`, `response_id`, `question_id`, `client_id`, `weight`) VALUES (3, 1, 3, 1, 0);
INSERT INTO `ad_a9e53e0371a808b`.`ClientQuestionResponse` (`id`, `response_id`, `question_id`, `client_id`, `weight`) VALUES (4, 1, 4, 1, 0);
INSERT INTO `ad_a9e53e0371a808b`.`ClientQuestionResponse` (`id`, `response_id`, `question_id`, `client_id`, `weight`) VALUES (5, 1, 5, 1, 0);
INSERT INTO `ad_a9e53e0371a808b`.`ClientQuestionResponse` (`id`, `response_id`, `question_id`, `client_id`, `weight`) VALUES (6, 1, 6, 1, 0);
INSERT INTO `ad_a9e53e0371a808b`.`ClientQuestionResponse` (`id`, `response_id`, `question_id`, `client_id`, `weight`) VALUES (7, 1, 7, 1, 0);
INSERT INTO `ad_a9e53e0371a808b`.`ClientQuestionResponse` (`id`, `response_id`, `question_id`, `client_id`, `weight`) VALUES (8, 1, 8, 1, 0);
INSERT INTO `ad_a9e53e0371a808b`.`ClientQuestionResponse` (`id`, `response_id`, `question_id`, `client_id`, `weight`) VALUES (9, 1, 9, 1, 0);
INSERT INTO `ad_a9e53e0371a808b`.`ClientQuestionResponse` (`id`, `response_id`, `question_id`, `client_id`, `weight`) VALUES (10, 1, 10, 1, 0);
INSERT INTO `ad_a9e53e0371a808b`.`ClientQuestionResponse` (`id`, `response_id`, `question_id`, `client_id`, `weight`) VALUES (11, 1, 11, 1, 0);
INSERT INTO `ad_a9e53e0371a808b`.`ClientQuestionResponse` (`id`, `response_id`, `question_id`, `client_id`, `weight`) VALUES (12, 1, 12, 1, 0);
INSERT INTO `ad_a9e53e0371a808b`.`ClientQuestionResponse` (`id`, `response_id`, `question_id`, `client_id`, `weight`) VALUES (13, 1, 13, 1, 0);
INSERT INTO `ad_a9e53e0371a808b`.`ClientQuestionResponse` (`id`, `response_id`, `question_id`, `client_id`, `weight`) VALUES (14, 1, 14, 1, 0);
INSERT INTO `ad_a9e53e0371a808b`.`ClientQuestionResponse` (`id`, `response_id`, `question_id`, `client_id`, `weight`) VALUES (15, 1, 15, 1, 0);
INSERT INTO `ad_a9e53e0371a808b`.`ClientQuestionResponse` (`id`, `response_id`, `question_id`, `client_id`, `weight`) VALUES (16, 1, 16, 1, 0);
INSERT INTO `ad_a9e53e0371a808b`.`ClientQuestionResponse` (`id`, `response_id`, `question_id`, `client_id`, `weight`) VALUES (17, 8, 17, 1, 0);
INSERT INTO `ad_a9e53e0371a808b`.`ClientQuestionResponse` (`id`, `response_id`, `question_id`, `client_id`, `weight`) VALUES (18, 8, 18, 1, 0);
INSERT INTO `ad_a9e53e0371a808b`.`ClientQuestionResponse` (`id`, `response_id`, `question_id`, `client_id`, `weight`) VALUES (19, 8, 19, 1, 0);
INSERT INTO `ad_a9e53e0371a808b`.`ClientQuestionResponse` (`id`, `response_id`, `question_id`, `client_id`, `weight`) VALUES (20, 8, 20, 1, 0);
INSERT INTO `ad_a9e53e0371a808b`.`ClientQuestionResponse` (`id`, `response_id`, `question_id`, `client_id`, `weight`) VALUES (21, 8, 21, 1, 0);

COMMIT;

